{
  "canonical_sessions": [
    {
      "condition": "seated_calm",
      "run_label": "seated_calm_01",
      "run_index": 1,
      "session_id": "Mofit_HRV_strap_1776978970",
      "baseline_hr": 76.55340483279097,
      "condition_hr": 79.85138769375669,
      "post_hr": 80.29671641388538,
      "baseline_rmssd": 40.186716272375044,
      "condition_rmssd": 51.85063050279183,
      "post_rmssd": 36.17404981996451,
      "baseline_sdnn": 77.27561524414003,
      "condition_sdnn": 93.36650906718951,
      "post_sdnn": 66.08669400532484,
      "delta_hr": 3.2979828609657176,
      "delta_rmssd": 11.663914230416786,
      "delta_sdnn": 16.090893823049484,
      "post_minus_condition_hr": 0.4453287201286855,
      "post_minus_condition_rmssd": -15.676580682827321,
      "post_minus_condition_sdnn": -27.279815061864667
    },
    {
      "condition": "drift_control",
      "run_label": "drift_control_01",
      "run_index": 1,
      "session_id": "Mofit_HRV_strap_1776982915",
      "baseline_hr": 66.87640919952987,
      "condition_hr": 70.37326988061639,
      "post_hr": 73.12984996572439,
      "baseline_rmssd": 38.1927770105281,
      "condition_rmssd": 33.44906053859045,
      "post_rmssd": 33.16660349726452,
      "baseline_sdnn": 57.45730452380585,
      "condition_sdnn": 86.2160708192561,
      "post_sdnn": 66.86108439195925,
      "delta_hr": 3.496860681086517,
      "delta_rmssd": -4.7437164719376455,
      "delta_sdnn": 28.75876629545025,
      "post_minus_condition_hr": 2.7565800851079985,
      "post_minus_condition_rmssd": -0.28245704132593374,
      "post_minus_condition_sdnn": -19.35498642729685
    },
    {
      "condition": "mirror_coherence",
      "run_label": "mirror_coherence_01",
      "run_index": 1,
      "session_id": "Mofit_HRV_strap_1776983191",
      "baseline_hr": 85.53318945975653,
      "condition_hr": 65.29609901248494,
      "post_hr": 74.93193168368879,
      "baseline_rmssd": 19.811862841164945,
      "condition_rmssd": 48.17703803869651,
      "post_rmssd": 31.479732822230684,
      "baseline_sdnn": 61.81325534515444,
      "condition_sdnn": 117.38671068689843,
      "post_sdnn": 117.55633708754667,
      "delta_hr": -20.237090447271584,
      "delta_rmssd": 28.365175197531563,
      "delta_sdnn": 55.57345534174399,
      "post_minus_condition_hr": 9.635832671203843,
      "post_minus_condition_rmssd": -16.697305216465825,
      "post_minus_condition_sdnn": 0.16962640064824086
    },
    {
      "condition": "dancing_activation",
      "run_label": "dancing_activation_01",
      "run_index": 1,
      "session_id": "Mofit_HRV_strap_1776980123",
      "baseline_hr": 77.85466418573186,
      "condition_hr": 84.6661871486368,
      "post_hr": 79.10328783284433,
      "baseline_rmssd": 23.805056396426227,
      "condition_rmssd": 18.849802801871494,
      "post_rmssd": 24.622688160292157,
      "baseline_sdnn": 56.08395800289032,
      "condition_sdnn": 63.19438963397877,
      "post_sdnn": 74.79862341690632,
      "delta_hr": 6.811522962904931,
      "delta_rmssd": -4.955253594554733,
      "delta_sdnn": 7.110431631088453,
      "post_minus_condition_hr": -5.562899315792464,
      "post_minus_condition_rmssd": 5.7728853584206625,
      "post_minus_condition_sdnn": 11.604233782927551
    },
    {
      "condition": "seated_calm",
      "run_label": "seated_calm_02",
      "run_index": 2,
      "session_id": "Mofit_HRV_strap_1776979337",
      "baseline_hr": 81.62692168232486,
      "condition_hr": 77.1179439617837,
      "post_hr": 76.65932018672504,
      "baseline_rmssd": 28.113979697508245,
      "condition_rmssd": 25.427910613677422,
      "post_rmssd": 25.722243475396002,
      "baseline_sdnn": 57.732873653596435,
      "condition_sdnn": 47.829016133855184,
      "post_sdnn": 74.58179055405151,
      "delta_hr": -4.508977720541168,
      "delta_rmssd": -2.686069083830823,
      "delta_sdnn": -9.903857519741251,
      "post_minus_condition_hr": -0.4586237750586548,
      "post_minus_condition_rmssd": 0.29433286171857986,
      "post_minus_condition_sdnn": 26.752774420196324
    },
    {
      "condition": "drift_control",
      "run_label": "drift_control_02",
      "run_index": 2,
      "session_id": "Mofit_HRV_strap_1776983696",
      "baseline_hr": 72.49530866798347,
      "condition_hr": 73.56391381290031,
      "post_hr": 68.65729905389813,
      "baseline_rmssd": 36.81502166286762,
      "condition_rmssd": 54.83467055978843,
      "post_rmssd": 42.50446138752947,
      "baseline_sdnn": 88.96688772048694,
      "condition_sdnn": 134.4286034015629,
      "post_sdnn": 109.05536628405468,
      "delta_hr": 1.0686051449168446,
      "delta_rmssd": 18.019648896920806,
      "delta_sdnn": 45.46171568107596,
      "post_minus_condition_hr": -4.906614759002181,
      "post_minus_condition_rmssd": -12.33020917225896,
      "post_minus_condition_sdnn": -25.37323711750821
    },
    {
      "condition": "mirror_coherence",
      "run_label": "mirror_coherence_02",
      "run_index": 2,
      "session_id": "Mofit_HRV_strap_1776983970",
      "baseline_hr": 72.16515050420506,
      "condition_hr": 65.92961121633009,
      "post_hr": 66.25076001082402,
      "baseline_rmssd": 29.25741914718469,
      "condition_rmssd": 42.74702055969487,
      "post_rmssd": 40.98717677571328,
      "baseline_sdnn": 82.51650857223964,
      "condition_sdnn": 97.15932200053726,
      "post_sdnn": 97.79679776307002,
      "delta_hr": -6.235539287874971,
      "delta_rmssd": 13.489601412510176,
      "delta_sdnn": 14.642813428297615,
      "post_minus_condition_hr": 0.3211487944939364,
      "post_minus_condition_rmssd": -1.7598437839815873,
      "post_minus_condition_sdnn": 0.637475762532759
    },
    {
      "condition": "dancing_activation",
      "run_label": "dancing_activation_02",
      "run_index": 2,
      "session_id": "Mofit_HRV_strap_1776980458",
      "baseline_hr": 75.07851176031724,
      "condition_hr": 77.80760964285736,
      "post_hr": 80.82881192678538,
      "baseline_rmssd": 26.855588720555126,
      "condition_rmssd": 26.578889108145827,
      "post_rmssd": 26.999432078065524,
      "baseline_sdnn": 51.66105515399881,
      "condition_sdnn": 55.84489638652513,
      "post_sdnn": 52.62942057166969,
      "delta_hr": 2.729097882540117,
      "delta_rmssd": -0.2766996124092991,
      "delta_sdnn": 4.183841232526319,
      "post_minus_condition_hr": 3.0212022839280195,
      "post_minus_condition_rmssd": 0.42054296991969764,
      "post_minus_condition_sdnn": -3.215475814855438
    },
    {
      "condition": "seated_calm",
      "run_label": "seated_calm_03",
      "run_index": 3,
      "session_id": "Mofit_HRV_strap_1776984560",
      "baseline_hr": 67.66302004232213,
      "condition_hr": 68.12054276389867,
      "post_hr": 63.31805326414121,
      "baseline_rmssd": 51.92977926565625,
      "condition_rmssd": 45.02963657498157,
      "post_rmssd": 32.52327249046209,
      "baseline_sdnn": 121.7514775575627,
      "condition_sdnn": 95.3627577179403,
      "post_sdnn": 40.47231944362447,
      "delta_hr": 0.45752272157653806,
      "delta_rmssd": -6.900142690674677,
      "delta_sdnn": -26.388719839622397,
      "post_minus_condition_hr": -4.802489499757456,
      "post_minus_condition_rmssd": -12.506364084519483,
      "post_minus_condition_sdnn": -54.89043827431583
    },
    {
      "condition": "drift_control",
      "run_label": "drift_control_03",
      "run_index": 3,
      "session_id": "Mofit_HRV_strap_1776984852",
      "baseline_hr": 64.82042069958536,
      "condition_hr": 72.52128321722358,
      "post_hr": 77.53720649129696,
      "baseline_rmssd": 34.65249159360723,
      "condition_rmssd": 32.61646368826512,
      "post_rmssd": 21.11944526056377,
      "baseline_sdnn": 45.25313194126397,
      "condition_sdnn": 79.48988140733675,
      "post_sdnn": 30.30258382849453,
      "delta_hr": 7.700862517638228,
      "delta_rmssd": -2.0360279053421095,
      "delta_sdnn": 34.23674946607278,