{
  "generated_at": "2026-04-21T17:34:44.775197+00:00",
  "run_order": [
    "run_01",
    "run_02",
    "run_03",
    "run_04",
    "run_05"
  ],
  "model_order": [
    "Mistral",
    "Qwen",
    "Gemma",
    "DeepSeek",
    "Hermes",
    "GLM",
    "Nemotron",
    "SmolLM3"
  ],
  "all_target_layers_stable_across_all_runs": true,
  "rerun_exact_after_baseline_models": [
    "Mistral",
    "Qwen",
    "Gemma",
    "DeepSeek",
    "Hermes",
    "GLM",
    "SmolLM3"
  ],
  "only_live_variance_row": "Nemotron",
  "models": [
    {
      "display_name": "Mistral",
      "target_layers": [
        31,
        31,
        31,
        31,
        31
      ],
      "target_values": [
        247.624283,
        247.907959,
        247.907959,
        247.907959,
        247.907959
      ],
      "last_values": [
        143.431244,
        143.635162,
        143.635162,
        143.635162,
        143.635162
      ],
      "target_mean": 247.851224,
      "target_std": 0.126864,
      "target_ci95": 0.111201,
      "last_mean": 143.594378,
      "last_std": 0.091195,
      "last_ci95": 0.079936,
      "unique_target_layers": [
        31
      ],
      "rerun_exact_after_baseline": true,
      "note": "exact-match reruns after baseline"
    },
    {
      "display_name": "Qwen",
      "target_layers": [
        34,
        34,
        34,
        34,
        34
      ],
      "target_values": [
        126.35479,
        127.125885,
        127.125885,
        127.125885,
        127.125885
      ],
      "last_values": [
        89.459618,
        89.682899,
        89.682899,
        89.682899,
        89.682899
      ],
      "target_mean": 126.971666,
      "target_std": 0.344844,
      "target_ci95": 0.302269,
      "last_mean": 89.638243,
      "last_std": 0.099854,
      "last_ci95": 0.087526,
      "unique_target_layers": [
        34
      ],
      "rerun_exact_after_baseline": true,
      "note": "exact-match reruns after baseline"
    },
    {
      "display_name": "Gemma",
      "target_layers": [
        41,
        41,
        41,
        41,
        41
      ],
      "target_values": [
        77.308655,
        77.056923,
        77.056923,
        77.056923,
        77.056923
      ],
      "last_values": [
        111.552246,
        113.612076,
        113.612076,
        113.612076,
        113.612076
      ],
      "target_mean": 77.107269,
      "target_std": 0.112578,
      "target_ci95": 0.098679,
      "last_mean": 113.20011,
      "last_std": 0.921184,
      "last_ci95": 0.807453,
      "unique_target_layers": [
        41
      ],
      "rerun_exact_after_baseline": true,
      "note": "exact-match reruns after baseline"
    },
    {
      "display_name": "DeepSeek",
      "target_layers": [
        26,
        26,
        26,
        26,
        26
      ],
      "target_values": [
        332.052551,
        324.986969,
        324.986969,
        324.986969,
        324.986969
      ],
      "last_values": [
        210.899963,
        218.947357,
        218.947357,
        218.947357,
        218.947357
      ],
      "target_mean": 326.400085,
      "target_std": 3.159824,
      "target_ci95": 2.769708,
      "last_mean": 217.337878,
      "last_std": 3.598904,
      "last_ci95": 3.154578,
      "unique_target_layers": [
        26
      ],
      "rerun_exact_after_baseline": true,
      "note": "exact-match reruns after baseline"
    },
    {
      "display_name": "Hermes",
      "target_layers": [
        31,
        31,
        31,
        31,
        31
      ],
      "target_values": [
        248.310715,
        248.050934,
        248.050934,
        248.050934,
        248.050934
      ],
      "last_values": [
        165.361725,
        165.287491,
        165.287491,
        165.287491,
        165.287491
      ],
      "target_mean": 248.10289,
      "target_std": 0.116178,
      "target_ci95": 0.101834,
      "last_mean": 165.302338,
      "last_std": 0.033198,
      "last_ci95": 0.0291,
      "unique_target_layers": [
        31
      ],
      "rerun_exact_after_baseline": true,
      "note": "exact-match reruns after baseline"
    },
    {
      "display_name": "GLM",
      "target_layers": [
        38,
        38,
        38,
        38,
        38
      ],
      "target_values": [
        479.296417,
        479.27478,
        479.27478,
        479.27478,
        479.27478
      ],
      "last_values": [
        490.671753,
        486.146454,
        486.146454,
        486.146454,
        486.146454
      ],
      "target_mean": 479.279107,
      "target_std": 0.009676,
      "target_ci95": 0.008482,
      "last_mean": 487.051514,
      "last_std": 2.023775,
      "last_ci95": 1.773917,
      "unique_target_layers": [
        38
      ],
      "rerun_exact_after_baseline": true,
      "note": "exact-match reruns after baseline"
    },
    {
      "display_name": "Nemotron",
      "target_layers": [
        40,
        40,
        40,
        40,
        40
      ],
      "target_values": [
        203.815063,
        201.541611,
        212.288391,
        214.931076,
        203.956329
      ],
      "last_values": [
        259.096069,
        253.0858,
        291.043488,
        303.872589,
        323.753296
      ],
      "target_mean": 207.306494,
      "target_std": 5.907646,
      "target_ci95": 5.17828,
      "last_mean": 286.170248,
      "last_std": 29.904844,
      "last_ci95": 26.212751,
      "unique_target_layers": [
        40
      ],
      "rerun_exact_after_baseline": false,
      "note": "only live variance row"
    },
    {
      "display_name": "SmolLM3",
      "target_layers": [
        34,
        34,
        34,
        34,
        34
      ],
      "target_values": [
        20.830145,
        20.830145,
        20.830145,
        20.830145,
        20.830145
      ],
      "last_values": [
        11.582764,
        11.582764,
        11.582764,
        11.582764,
        11.582764
      ],
      "target_mean": 20.830145,
      "target_std": 0.0,
      "target_ci95": 0.0,
      "last_mean": 11.582764,
      "last_std": 0.0,
      "last_ci95": 0.0,
      "unique_target_layers": [
        34
      ],
      "rerun_exact_after_baseline": true,
      "note": "exact-match reruns after baseline"
    }
  ]
}
