{
  "generated_at": "2026-04-22T03:31:25.634408+00:00",
  "available_runs": [
    "run_01",
    "run_02",
    "run_03",
    "run_04",
    "run_05"
  ],
  "models": [
    {
      "display_name": "Mistral",
      "dominant_anchors": [
        "mid_window",
        "mid_window",
        "mid_window",
        "mid_window",
        "mid_window"
      ],
      "dominant_layers": [
        31,
        31,
        31,
        31,
        31
      ],
      "dominant_values": [
        303.582184,
        303.582184,
        303.582184,
        303.582184,
        303.582184
      ],
      "target_values": [
        247.907959,
        247.907959,
        247.907959,
        247.907959,
        247.907959
      ],
      "last_values": [
        143.635162,
        143.635162,
        143.635162,
        143.635162,
        143.635162
      ],
      "ratio_values": [
        1.725956,
        1.725956,
        1.725956,
        1.725956,
        1.725956
      ],
      "dominant_mean": 303.582184,
      "dominant_std": 0.0,
      "dominant_ci95": 0.0,
      "target_mean": 247.907959,
      "target_std": 0.0,
      "target_ci95": 0.0,
      "last_mean": 143.635162,
      "last_std": 0.0,
      "ratio_mean": 1.725956,
      "ratio_std": 0.0,
      "unique_anchors": [
        "mid_window"
      ],
      "unique_target_layers": [
        31
      ],
      "rerun_exact_after_baseline": true,
      "note": "exact-match reruns after baseline"
    },
    {
      "display_name": "Hermes",
      "dominant_anchors": [
        "mid_window",
        "mid_window",
        "mid_window",
        "mid_window",
        "mid_window"
      ],
      "dominant_layers": [
        31,
        31,
        31,
        31,
        31
      ],
      "dominant_values": [
        303.928741,
        303.928741,
        303.928741,
        303.928741,
        303.928741
      ],
      "target_values": [
        248.050934,
        248.050934,
        248.050934,
        248.050934,
        248.050934
      ],
      "last_values": [
        165.287491,
        165.287491,
        165.287491,
        165.287491,
        165.287491
      ],
      "ratio_values": [
        1.500724,
        1.500724,
        1.500724,
        1.500724,
        1.500724
      ],
      "dominant_mean": 303.928741,
      "dominant_std": 0.0,
      "dominant_ci95": 0.0,
      "target_mean": 248.050934,
      "target_std": 0.0,
      "target_ci95": 0.0,
      "last_mean": 165.287491,
      "last_std": 0.0,
      "ratio_mean": 1.500724,
      "ratio_std": 0.0,
      "unique_anchors": [
        "mid_window"
      ],
      "unique_target_layers": [
        31
      ],
      "rerun_exact_after_baseline": true,
      "note": "exact-match reruns after baseline"
    },
    {
      "display_name": "Gemma",
      "dominant_anchors": [
        "last_token",
        "last_token",
        "last_token",
        "last_token",
        "last_token"
      ],
      "dominant_layers": [
        41,
        41,
        41,
        41,
        41
      ],
      "dominant_values": [
        113.612076,
        113.612076,
        113.612076,
        113.612076,
        113.612076
      ],
      "target_values": [
        77.056923,
        77.056923,
        77.056923,
        77.056923,
        77.056923
      ],
      "last_values": [
        113.612076,
        113.612076,
        113.612076,
        113.612076,
        113.612076
      ],
      "ratio_values": [
        0.678246,
        0.678246,
        0.678246,
        0.678246,
        0.678246
      ],
      "dominant_mean": 113.612076,
      "dominant_std": 0.0,
      "dominant_ci95": 0.0,
      "target_mean": 77.056923,
      "target_std": 0.0,
      "target_ci95": 0.0,
      "last_mean": 113.612076,
      "last_std": 0.0,
      "ratio_mean": 0.678246,
      "ratio_std": 0.0,
      "unique_anchors": [
        "last_token"
      ],
      "unique_target_layers": [
        41
      ],
      "rerun_exact_after_baseline": true,
      "note": "exact-match reruns after baseline"
    },
    {
      "display_name": "GLM",
      "dominant_anchors": [
        "mid_window",
        "mid_window",
        "mid_window",
        "mid_window",
        "mid_window"
      ],
      "dominant_layers": [
        38,
        38,
        38,
        38,
        38
      ],
      "dominant_values": [
        601.968079,
        601.968079,
        601.968079,
        601.968079,
        601.968079
      ],
      "target_values": [
        479.27478,
        479.27478,
        479.27478,
        479.27478,
        479.27478
      ],
      "last_values": [
        486.146454,
        486.146454,
        486.146454,
        486.146454,
        486.146454
      ],
      "ratio_values": [
        0.985865,
        0.985865,
        0.985865,
        0.985865,
        0.985865
      ],
      "dominant_mean": 601.968079,
      "dominant_std": 0.0,
      "dominant_ci95": 0.0,
      "target_mean": 479.27478,
      "target_std": 0.0,
      "target_ci95": 0.0,
      "last_mean": 486.146454,
      "last_std": 0.0,
      "ratio_mean": 0.985865,
      "ratio_std": 0.0,
      "unique_anchors": [
        "mid_window"
      ],
      "unique_target_layers": [
        38
      ],
      "rerun_exact_after_baseline": true,
      "note": "exact-match reruns after baseline"
    },
    {
      "display_name": "Nemotron",
      "dominant_anchors": [
        "early_window",
        "early_window",
        "early_window",
        "early_window",
        "early_window"
      ],
      "dominant_layers": [
        39,
        39,
        39,
        39,
        39
      ],
      "dominant_values": [
        944.597412,
        1101.926758,
        841.540283,
        897.275391,
        892.214111
      ],
      "target_values": [
        202.348648,
        210.250534,
        208.652832,
        199.554947,
        210.571716
      ],
      "last_values": [
        343.705292,
        275.643494,
        278.068695,
        294.722229,
        300.72345
      ],
      "ratio_values": [
        0.588727,
        0.762763,
        0.750364,
        0.677095,
        0.700217
      ],
      "dominant_mean": 935.510791,
      "dominant_std": 99.929782,
      "dominant_ci95": 87.592316,
      "target_mean": 206.275735,
      "target_std": 5.012386,
      "target_ci95": 4.39355,
      "last_mean": 298.572632,
      "last_std": 27.397835,
      "ratio_mean": 0.695833,
      "ratio_std": 0.069454,
      "unique_anchors": [
        "early_window"
      ],
      "unique_target_layers": [
        40
      ],
      "rerun_exact_after_baseline": false,
      "note": "anchor stable, magnitude drifting"
    },
    {
      "display_name": "DeepSeek",
      "dominant_anchors": [
        "early_window",
        "early_window",
        "early_window",
        "early_window",
        "early_window"
      ],
      "dominant_layers": [
        25,
        25,
        25,
        25,
        25
      ],
      "dominant_values": [
        602.411987,
        602.411987,
        602.411987,
        602.411987,
        602.411987
      ],
      "target_values": [
        324.986969,
        324.986969,
        324.986969,
        324.986969,
        324.986969
      ],
      "last_values": [
        218.947357,
        218.947357,
        218.947357,
        218.947357,
        218.947357
      ],
      "ratio_values": [
        1.484316,
        1.484316,
        1.484316,
        1.484316,
        1.484316
      ],
      "dominant_mean": 602.411987,
      "dominant_std": 0.0,
      "dominant_ci95": 0.0,
      "target_mean": 324.986969,
      "target_std": 0.0,
      "target_ci95": 0.0,
      "last_mean": 218.947357,
      "last_std": 0.0,
      "ratio_mean": 1.484316,
      "ratio_std": 0.0,
      "unique_anchors": [
        "early_window"
      ],
      "unique_target_layers": [
        26
      ],
      "rerun_exact_after_baseline": true,
      "note": "exact-match reruns after baseline"
    }
  ]
}
